<?xml version="1.0" encoding="utf-8"?>
<prefix name="ode" label="Open Data Enabler" language_tag="nl" language_label="Nederlands"><key name="add_attachment"><value>Add file</value></key><key name="add_datalet"><value>Add datalet</value></key><key name="add_maplet"><value>Toevoegen maplet</value></key><key name="add_ode_button"><value></value></key><key name="event_post_od"><value></value></key><key name="event_post_od_private_room"><value></value></key><key name="forum_post_od"><value></value></key><key name="forum_post_od_private_room"><value></value></key></prefix>
