<?xml version="1.0" encoding="utf-8"?>
<prefix name="ode" label="Open Data Enabler" language_tag="en" language_label="English"><key name="add_attachment"><value>Add file</value></key><key name="add_datalet"><value>Add datalet</value></key><key name="add_maplet"><value>Add maplet</value></key><key name="add_ode_button"><value>Add datalet</value></key><key name="event_post_od"><value>Add datalet</value></key><key name="event_post_od_private_room"><value>Private Room</value></key><key name="forum_post_od"><value>OD</value></key><key name="forum_post_od_private_room"><value>Private Room</value></key></prefix>
