﻿<?xml version="1.0" encoding="UTF-8"?>
<prefix language_label="Italiano" language_tag="it" label="Open Data Enabler" name="ode">
   <key name="add_ode_button">
      <value>OD</value>
   </key>
   <key name="forum_post_od">
      <value>OD</value>
   </key>
   <key name="event_post_od">
      <value>OD</value>
   </key>
   <key name="forum_post_od_private_room">
      <value>Private Room</value>
   </key>
   <key name="event_post_od_private_room">
      <value>Private Room</value>
   </key>
</prefix>
