<?xml version="1.0" encoding="utf-8"?>
<prefix name="ode" label="Open Data Enabler" language_tag="es-ES" language_label="Spanish">
	<key name="add_attachment">
		<value>Agrega un documento adjunto</value>
	</key>
	<key name="my_space">
		<value>Import from My space</value>
	</key>
	<key name="add_SPLOD_datalet">
		<value>Add datalet with LOD</value>
	</key>
	<key name="add_datalet">
		<value>Agrega un datalet</value>
	</key>
	<key name="add_maplet">
		<value>Agrega un maplet</value>
	</key>
	<key name="add_ode_button">
		<value>Agrega un datalet</value>
	</key>
	<key name="event_post_od">
		<value>Agrega un datalet</value>
	</key>
	<key name="event_post_od_private_room">
		<value>Sala privada</value>
	</key>
	<key name="forum_post_od">
		<value>OD</value>
	</key>
	<key name="forum_post_od_private_room">
		<value>Sala privada</value>
	</key>
</prefix>